Feature,Importance
Nationale,0.0929848290863498
regional,0.08498858106302208
General,0.06741328048000975
Francais,0.04046956473021042
Anglais,0.03586652709311444
specialite_Gestion logistique et transport,0.023186776662721932
specialite_Réseaux et télécommunication,0.020593689550719607
Sexe,0.01805181496628127
BAC_SVT,0.018042231587075793
deteste_Anglais,0.017046536800789405
